id,name,lastname,city,country,address,postalcode,iduniq,transactionid,tokenid,remarks
144351,Faizan,Anwer,null,null,null,null,null,null,null,null
144352,Faizan,Anwer,null,null,null,null,null,null,null,null
144353,Faizan,Anwer,null,null,null,null,null,null,null,null
144354,Faizan,Anwer,null,null,null,null,null,null,null,null
144355,Faizan,Anwer,null,null,null,null,null,null,null,null
144356,Faizan,Anwer,null,null,null,null,null,null,null,null
144357,Faizan,Anwer,null,null,null,null,null,null,null,null
144358,Faizan,Anwer,null,null,null,null,null,null,null,null
144359,Faizan,Anwer,null,null,null,null,null,null,null,null
144360,Faizan,Anwer,null,null,null,null,null,null,null,null
144361,Faizan,Anwer,null,null,null,null,null,null,null,null
144362,Faizan,Anwer,null,null,null,null,null,null,null,null
144363,Faizan,Anwer,null,null,null,null,null,null,null,null